state,type,date,sex,abs,rate
Johor,infant,2017-01-01,both,413,6.761070639273144
Kedah,infant,2017-01-01,both,215,5.859428228817485
Kelantan,infant,2017-01-01,both,302,7.719441746331987
Melaka,infant,2017-01-01,both,95,6.602265619570505
Negeri Sembilan,infant,2017-01-01,both,148,8.186746321495741
Pahang,infant,2017-01-01,both,205,7.439666122300853
Perak,infant,2017-01-01,both,242,6.946437797806992
Perlis,infant,2017-01-01,both,25,5.621767483696874
Pulau Pinang,infant,2017-01-01,both,125,5.82370480805069
Sabah,infant,2017-01-01,both,502,9.556807797745963
Sarawak,infant,2017-01-01,both,238,6.320709619163966
Selangor,infant,2017-01-01,both,620,5.962283747006837
Terengganu,infant,2017-01-01,both,173,6.198273082297303
W.P. Kuala Lumpur,infant,2017-01-01,both,160,6.469351447517387
W.P. Labuan,infant,2017-01-01,both,12,7.121661721068249
W.P. Putrajaya,infant,2017-01-01,both,21,8.34326579261025
Johor,infant,2017-01-01,male,226,7.141051567239636
Kedah,infant,2017-01-01,male,106,5.581591280080038
Kelantan,infant,2017-01-01,male,160,7.966540529774946
Melaka,infant,2017-01-01,male,55,7.378588677220284
Negeri Sembilan,infant,2017-01-01,male,91,9.691160809371672
Pahang,infant,2017-01-01,male,123,8.716604067748564
Perak,infant,2017-01-01,male,134,7.463933604411519
Perlis,infant,2017-01-01,male,15,6.391137622496805
Pulau Pinang,infant,2017-01-01,male,71,6.4265025343953655
Sabah,infant,2017-01-01,male,297,10.95132743362832
Sarawak,infant,2017-01-01,male,136,6.959013457503965
Selangor,infant,2017-01-01,male,329,6.112628430224996
Terengganu,infant,2017-01-01,male,100,7.0536784933342735
W.P. Kuala Lumpur,infant,2017-01-01,male,85,6.681339412042131
W.P. Labuan,infant,2017-01-01,male,2,2.3094688221709005
W.P. Putrajaya,infant,2017-01-01,male,9,6.933744221879815
Johor,infant,2017-01-01,female,187,6.35254951251826
Kedah,infant,2017-01-01,female,109,6.15749632809852
Kelantan,infant,2017-01-01,female,142,7.458766677171972
Melaka,infant,2017-01-01,female,40,5.767844268204758
Negeri Sembilan,infant,2017-01-01,female,57,6.560773480662983
Pahang,infant,2017-01-01,female,82,6.099375185956561
Perak,infant,2017-01-01,female,108,6.396209653538644
Perlis,infant,2017-01-01,female,10,4.761904761904763
Pulau Pinang,infant,2017-01-01,female,54,5.184331797235023
Sabah,infant,2017-01-01,female,205,8.068324937027707
Sarawak,infant,2017-01-01,female,102,5.631936392247805
Selangor,infant,2017-01-01,female,291,5.80097280918587
Terengganu,infant,2017-01-01,female,73,5.315275957477793
W.P. Kuala Lumpur,infant,2017-01-01,female,75,6.244796003330557
W.P. Labuan,infant,2017-01-01,female,10,12.21001221001221
W.P. Putrajaya,infant,2017-01-01,female,12,9.844134536505333
Johor,infant,2018-01-01,both,422,6.9
Kedah,infant,2018-01-01,both,229,6.4
Kelantan,infant,2018-01-01,both,288,7.5
Melaka,infant,2018-01-01,both,110,7.6
Negeri Sembilan,infant,2018-01-01,both,162,8.9
Pahang,infant,2018-01-01,both,197,7.3
Perak,infant,2018-01-01,both,223,6.6
Perlis,infant,2018-01-01,both,39,8.9
Pulau Pinang,infant,2018-01-01,both,133,6.4
Sabah,infant,2018-01-01,both,534,10.1
Sarawak,infant,2018-01-01,both,262,7.2
Selangor,infant,2018-01-01,both,662,6.5
Terengganu,infant,2018-01-01,both,173,6.1
W.P. Kuala Lumpur,infant,2018-01-01,both,150,6.2
W.P. Labuan,infant,2018-01-01,both,16,9.5
W.P. Putrajaya,infant,2018-01-01,both,22,9.2
Johor,infant,2018-01-01,male,221,7.0
Kedah,infant,2018-01-01,male,136,7.4
Kelantan,infant,2018-01-01,male,173,8.7
Melaka,infant,2018-01-01,male,71,9.6
Negeri Sembilan,infant,2018-01-01,male,89,9.5
Pahang,infant,2018-01-01,male,109,7.8
Perak,infant,2018-01-01,male,112,6.4
Perlis,infant,2018-01-01,male,14,6.2
Pulau Pinang,infant,2018-01-01,male,73,6.8
Sabah,infant,2018-01-01,male,297,10.8
Sarawak,infant,2018-01-01,male,148,7.8
Selangor,infant,2018-01-01,male,362,6.9
Terengganu,infant,2018-01-01,male,96,6.6
W.P. Kuala Lumpur,infant,2018-01-01,male,82,6.6
W.P. Labuan,infant,2018-01-01,male,9,9.9
W.P. Putrajaya,infant,2018-01-01,male,12,9.6
Johor,infant,2018-01-01,female,201,6.8
Kedah,infant,2018-01-01,female,93,5.4
Kelantan,infant,2018-01-01,female,115,6.3
Melaka,infant,2018-01-01,female,39,5.6
Negeri Sembilan,infant,2018-01-01,female,73,8.2
Pahang,infant,2018-01-01,female,88,6.7
Perak,infant,2018-01-01,female,111,6.8
Perlis,infant,2018-01-01,female,25,11.8
Pulau Pinang,infant,2018-01-01,female,60,6.0
Sabah,infant,2018-01-01,female,237,9.3
Sarawak,infant,2018-01-01,female,114,6.4
Selangor,infant,2018-01-01,female,300,6.1
Terengganu,infant,2018-01-01,female,77,5.6
W.P. Kuala Lumpur,infant,2018-01-01,female,68,5.8
W.P. Labuan,infant,2018-01-01,female,7,9.0
W.P. Putrajaya,infant,2018-01-01,female,10,8.7
Johor,infant,2019-01-01,both,379,6.306366268428233
Kedah,infant,2019-01-01,both,220,6.3927471377927585
Kelantan,infant,2019-01-01,both,266,7.240459469758833
Melaka,infant,2019-01-01,both,89,6.318330256992759
Negeri Sembilan,infant,2019-01-01,both,132,7.585335018963337
Pahang,infant,2019-01-01,both,183,7.099627560521416
Perak,infant,2019-01-01,both,230,6.992369197093606
Perlis,infant,2019-01-01,both,23,5.687438180019782
Pulau Pinang,infant,2019-01-01,both,110,5.46014097091234
Sabah,infant,2019-01-01,both,347,6.586189879664428
Sarawak,infant,2019-01-01,both,208,5.708326472364016
Selangor,infant,2019-01-01,both,582,6.112739074266629
Terengganu,infant,2019-01-01,both,198,7.330618289522398
W.P. Kuala Lumpur,infant,2019-01-01,both,120,4.438526409232135
W.P. Labuan,infant,2019-01-01,both,11,6.606606606606606
W.P. Putrajaya,infant,2019-01-01,both,19,8.210890233362145
Johor,infant,2019-01-01,male,209,5.839917554105119
Kedah,infant,2019-01-01,male,129,5.475001504121293
Kelantan,infant,2019-01-01,male,153,6.389957023297897
Melaka,infant,2019-01-01,male,50,5.811354492624051
Negeri Sembilan,infant,2019-01-01,male,66,7.8796561604584525
Pahang,infant,2019-01-01,male,95,7.002466778069547
Perak,infant,2019-01-01,male,126,6.546644844517186
Perlis,infant,2019-01-01,male,15,4.206098843322818
Pulau Pinang,infant,2019-01-01,male,67,4.435733443367031
Sabah,infant,2019-01-01,male,189,6.252225871552372
Sarawak,infant,2019-01-01,male,105,5.877653503766263
Selangor,infant,2019-01-01,male,309,5.903085605552793
Terengganu,infant,2019-01-01,male,111,6.71348097847056
W.P. Kuala Lumpur,infant,2019-01-01,male,71,3.765754687980326
W.P. Labuan,infant,2019-01-01,male,7,5.0
W.P. Putrajaya,infant,2019-01-01,male,9,9.066183136899365
Johor,infant,2019-01-01,female,170,6.744546275977798
Kedah,infant,2019-01-01,female,91,7.250042151407857
Kelantan,infant,2019-01-01,female,113,8.02981001364543
Melaka,infant,2019-01-01,female,39,6.779661016949152
Negeri Sembilan,infant,2019-01-01,female,66,7.312209173498782
Pahang,infant,2019-01-01,female,88,7.192066015595428
Perak,infant,2019-01-01,female,104,7.4087140589169165
Perlis,infant,2019-01-01,female,8,7.002801120448179
Pulau Pinang,infant,2019-01-01,female,43,6.41025641025641
Sabah,infant,2019-01-01,female,158,6.894036111617727
Sarawak,infant,2019-01-01,female,103,5.5514433752775725
Selangor,infant,2019-01-01,female,273,6.310758924924435
Terengganu,infant,2019-01-01,female,87,7.8997936089958
W.P. Kuala Lumpur,infant,2019-01-01,female,49,5.062749572162008
W.P. Labuan,infant,2019-01-01,female,4,8.092485549132947
W.P. Putrajaya,infant,2019-01-01,female,10,7.431874483897605
Johor,infant,2020-01-01,both,346,6.089405139035551
Kedah,infant,2020-01-01,both,171,5.060668836934004
Kelantan,infant,2020-01-01,both,214,5.908337934842629
Melaka,infant,2020-01-01,both,88,6.357922115454086
Negeri Sembilan,infant,2020-01-01,both,100,5.85000585000585
Pahang,infant,2020-01-01,both,140,5.538193757664464
Perak,infant,2020-01-01,both,197,6.247423334284718
Perlis,infant,2020-01-01,both,35,8.54075158613958
Pulau Pinang,infant,2020-01-01,both,100,5.099439061703213
Sabah,infant,2020-01-01,both,419,8.514529567161146
Sarawak,infant,2020-01-01,both,200,5.657708628005658
Selangor,infant,2020-01-01,both,417,4.471514202687198
Terengganu,infant,2020-01-01,both,153,5.634528982838624
W.P. Kuala Lumpur,infant,2020-01-01,both,90,3.898297743318751
W.P. Labuan,infant,2020-01-01,both,12,7.017543859649123
W.P. Putrajaya,infant,2020-01-01,both,14,6.5359477124183005
Johor,infant,2020-01-01,male,188,6.40894525124429
Kedah,infant,2020-01-01,male,100,5.715918833952558
Kelantan,infant,2020-01-01,male,127,6.787451231895676
Melaka,infant,2020-01-01,male,50,7.0116393212733135
Negeri Sembilan,infant,2020-01-01,male,54,6.091370558375634
Pahang,infant,2020-01-01,male,76,5.84750326998538
Perak,infant,2020-01-01,male,112,6.811409110259685
Perlis,infant,2020-01-01,male,22,10.456273764258555
Pulau Pinang,infant,2020-01-01,male,53,5.209869261771355
Sabah,infant,2020-01-01,male,225,8.739221626660452
Sarawak,infant,2020-01-01,male,121,6.583959081510502
Selangor,infant,2020-01-01,male,231,4.79661122531614
Terengganu,infant,2020-01-01,male,85,6.024950382761554
W.P. Kuala Lumpur,infant,2020-01-01,male,47,3.899444121795404
W.P. Labuan,infant,2020-01-01,male,5,5.903187721369539
W.P. Putrajaya,infant,2020-01-01,male,6,5.591798695246971
Johor,infant,2020-01-01,female,158,5.748380993960561
Kedah,infant,2020-01-01,female,71,4.357164774470697
Kelantan,infant,2020-01-01,female,87,4.96887315095094
Melaka,infant,2020-01-01,female,38,5.663189269746646
Negeri Sembilan,infant,2020-01-01,female,46,5.589986632640661
Pahang,infant,2020-01-01,female,64,5.210877707213809
Perak,infant,2020-01-01,female,85,5.632869449966865
Perlis,infant,2020-01-01,female,13,6.519558676028084
Pulau Pinang,infant,2020-01-01,female,47,4.980396312387411
Sabah,infant,2020-01-01,female,194,8.267984998295262
Sarawak,infant,2020-01-01,female,79,4.654725430120198
Selangor,infant,2020-01-01,female,186,4.124351412479489
Terengganu,infant,2020-01-01,female,68,5.212325617047371
W.P. Kuala Lumpur,infant,2020-01-01,female,43,3.897045495740439
W.P. Labuan,infant,2020-01-01,female,7,8.111239860950173
W.P. Putrajaya,infant,2020-01-01,female,8,7.483629560336763
Johor,infant,2021-01-01,both,343,6.861372274454891
Kedah,infant,2021-01-01,both,203,6.1440677966101696
Kelantan,infant,2021-01-01,both,249,7.162581981360027
Melaka,infant,2021-01-01,both,94,7.125530624620982
Negeri Sembilan,infant,2021-01-01,both,111,6.6162007510281935
Pahang,infant,2021-01-01,both,148,6.039090871995756
Perak,infant,2021-01-01,both,192,6.230529595015576
Perlis,infant,2021-01-01,both,31,7.605495583905791
Pulau Pinang,infant,2021-01-01,both,100,5.3847396478380265
Sabah,infant,2021-01-01,both,374,8.988656027686984
Sarawak,infant,2021-01-01,both,152,4.860267314702308
Selangor,infant,2021-01-01,both,402,4.4608180385716505
Terengganu,infant,2021-01-01,both,167,6.340889243269925
W.P. Kuala Lumpur,infant,2021-01-01,both,116,5.5117361969020235
W.P. Labuan,infant,2021-01-01,both,9,5.913272010512484
W.P. Putrajaya,infant,2021-01-01,both,13,6.172839506172839
Johor,infant,2021-01-01,male,191,7.42959390073129
Kedah,infant,2021-01-01,male,110,6.458431188351339
Kelantan,infant,2021-01-01,male,145,8.115066039847774
Melaka,infant,2021-01-01,male,50,7.339988256018791
Negeri Sembilan,infant,2021-01-01,male,52,5.961251862891207
Pahang,infant,2021-01-01,male,78,6.178707224334601
Perak,infant,2021-01-01,male,104,6.599822312476203
Perlis,infant,2021-01-01,male,12,5.58659217877095
Pulau Pinang,infant,2021-01-01,male,57,5.993690851735016
Sabah,infant,2021-01-01,male,196,9.0976606015596
Sarawak,infant,2021-01-01,male,81,5.042958535674262
Selangor,infant,2021-01-01,male,217,4.652858184313221
Terengganu,infant,2021-01-01,male,86,6.30868544600939
W.P. Kuala Lumpur,infant,2021-01-01,male,68,6.186317321688501
W.P. Labuan,infant,2021-01-01,male,8,10.596026490066226
W.P. Putrajaya,infant,2021-01-01,male,8,7.339449541284404
Johor,infant,2021-01-01,female,152,6.259780907668231
Kedah,infant,2021-01-01,female,93,5.809595202398801
Kelantan,infant,2021-01-01,female,104,6.15530303030303
Melaka,infant,2021-01-01,female,44,6.896551724137931
Negeri Sembilan,infant,2021-01-01,female,59,7.325552520486714
Pahang,infant,2021-01-01,female,70,5.890768324497181
Perak,infant,2021-01-01,female,88,5.844069597556116
Perlis,infant,2021-01-01,female,19,9.854771784232366
Pulau Pinang,infant,2021-01-01,female,43,4.745613066990399
Sabah,infant,2021-01-01,female,178,8.871610845295056
Sarawak,infant,2021-01-01,female,71,4.667367867473048
Selangor,infant,2021-01-01,female,185,4.254829806807727
Terengganu,infant,2021-01-01,female,81,6.375442739079103
W.P. Kuala Lumpur,infant,2021-01-01,female,48,4.774219216232345
W.P. Labuan,infant,2021-01-01,female,1,1.303780964797914
W.P. Putrajaya,infant,2021-01-01,female,5,4.921259842519685
Johor,infant,2022-01-01,both,323,6.7
Kedah,infant,2022-01-01,both,193,6.3
Kelantan,infant,2022-01-01,both,264,7.8
Melaka,infant,2022-01-01,both,88,6.7
Negeri Sembilan,infant,2022-01-01,both,99,6.2
Pahang,infant,2022-01-01,both,164,7.0
Perak,infant,2022-01-01,both,216,7.3
Perlis,infant,2022-01-01,both,35,9.3
Pulau Pinang,infant,2022-01-01,both,102,5.8
Sabah,infant,2022-01-01,both,392,9.0
Sarawak,infant,2022-01-01,both,183,5.9
Selangor,infant,2022-01-01,both,495,5.9
Terengganu,infant,2022-01-01,both,167,6.6
W.P. Kuala Lumpur,infant,2022-01-01,both,122,6.1
W.P. Labuan,infant,2022-01-01,both,13,9.5
W.P. Putrajaya,infant,2022-01-01,both,15,8.2
Johor,infant,2022-01-01,male,178,7.2
Kedah,infant,2022-01-01,male,98,6.2
Kelantan,infant,2022-01-01,male,158,9.0
Melaka,infant,2022-01-01,male,54,8.0
Negeri Sembilan,infant,2022-01-01,male,55,6.5
Pahang,infant,2022-01-01,male,89,7.3
Perak,infant,2022-01-01,male,123,8.1
Perlis,infant,2022-01-01,male,23,11.7
Pulau Pinang,infant,2022-01-01,male,60,6.6
Sabah,infant,2022-01-01,male,222,9.9
Sarawak,infant,2022-01-01,male,100,6.3
Selangor,infant,2022-01-01,male,283,6.5
Terengganu,infant,2022-01-01,male,99,7.6
W.P. Kuala Lumpur,infant,2022-01-01,male,71,6.9
W.P. Labuan,infant,2022-01-01,male,6,8.5
W.P. Putrajaya,infant,2022-01-01,male,6,6.3
Johor,infant,2022-01-01,female,145,6.2
Kedah,infant,2022-01-01,female,95,6.3
Kelantan,infant,2022-01-01,female,106,6.5
Melaka,infant,2022-01-01,female,34,5.3
Negeri Sembilan,infant,2022-01-01,female,44,5.8
Pahang,infant,2022-01-01,female,75,6.6
Perak,infant,2022-01-01,female,93,6.5
Perlis,infant,2022-01-01,female,12,6.7
Pulau Pinang,infant,2022-01-01,female,42,4.8
Sabah,infant,2022-01-01,female,170,8.0
Sarawak,infant,2022-01-01,female,83,5.5
Selangor,infant,2022-01-01,female,212,5.3
Terengganu,infant,2022-01-01,female,68,5.6
W.P. Kuala Lumpur,infant,2022-01-01,female,51,5.3
W.P. Labuan,infant,2022-01-01,female,7,10.4
W.P. Putrajaya,infant,2022-01-01,female,9,10.2
Johor,neonatal,2017-01-01,both,274,4.485552918064991
Kedah,neonatal,2017-01-01,both,140,3.8154416373695255
Kelantan,neonatal,2017-01-01,both,198,5.061090946270641
Melaka,neonatal,2017-01-01,both,60,4.169851970255055
Negeri Sembilan,neonatal,2017-01-01,both,103,5.6975329129328465
Pahang,neonatal,2017-01-01,both,130,4.717837053166395
Perak,neonatal,2017-01-01,both,161,4.621390435731098
Perlis,neonatal,2017-01-01,both,11,2.4735776928266247
Pulau Pinang,neonatal,2017-01-01,both,83,3.866939992545658
Sabah,neonatal,2017-01-01,both,322,6.130063965884862
Sarawak,neonatal,2017-01-01,both,158,4.1961013438147345
Selangor,neonatal,2017-01-01,both,386,3.7120024618461924
Terengganu,neonatal,2017-01-01,both,114,4.084411164057181
W.P. Kuala Lumpur,neonatal,2017-01-01,both,94,3.8007439754164647
W.P. Labuan,neonatal,2017-01-01,both,7,4.154302670623145
W.P. Putrajaya,neonatal,2017-01-01,both,12,4.767580452920143
Johor,neonatal,2017-01-01,male,151,4.771233569261881
Kedah,neonatal,2017-01-01,male,70,3.6859565057132326
Kelantan,neonatal,2017-01-01,male,106,5.277833100975902
Melaka,neonatal,2017-01-01,male,31,4.1588408907968875
Negeri Sembilan,neonatal,2017-01-01,male,60,6.3897763578274756
Pahang,neonatal,2017-01-01,male,79,5.598469279285664
Perak,neonatal,2017-01-01,male,89,4.9573887372583965
Perlis,neonatal,2017-01-01,male,7,2.982530890498509
Pulau Pinang,neonatal,2017-01-01,male,50,4.525706010137582
Sabah,neonatal,2017-01-01,male,192,7.079646017699115
Sarawak,neonatal,2017-01-01,male,96,4.912244793532211
Selangor,neonatal,2017-01-01,male,201,3.734462961930773
Terengganu,neonatal,2017-01-01,male,70,4.937574945333992
W.P. Kuala Lumpur,neonatal,2017-01-01,male,55,4.323219619556673
W.P. Labuan,neonatal,2017-01-01,male,2,2.3094688221709005
W.P. Putrajaya,neonatal,2017-01-01,male,7,5.3929121725731894
Johor,neonatal,2017-01-01,female,123,4.178414919998642
Kedah,neonatal,2017-01-01,female,70,3.9543554400632694
Kelantan,neonatal,2017-01-01,female,92,4.832440382393109
Melaka,neonatal,2017-01-01,female,29,4.18168709444845
Negeri Sembilan,neonatal,2017-01-01,female,43,4.949355432780847
Pahang,neonatal,2017-01-01,female,51,3.793513835168105
Perak,neonatal,2017-01-01,female,72,4.264139769025762
Perlis,neonatal,2017-01-01,female,4,1.9047619047619047
Pulau Pinang,neonatal,2017-01-01,female,33,3.1682027649769586
Sabah,neonatal,2017-01-01,female,130,5.116498740554156
Sarawak,neonatal,2017-01-01,female,62,3.4233338854839603
Selangor,neonatal,2017-01-01,female,185,3.6879036759429074
Terengganu,neonatal,2017-01-01,female,44,3.203727974370176
W.P. Kuala Lumpur,neonatal,2017-01-01,female,39,3.24729392173189
W.P. Labuan,neonatal,2017-01-01,female,5,6.105006105006105
W.P. Putrajaya,neonatal,2017-01-01,female,5,4.1017227235438884
Johor,neonatal,2018-01-01,both,265,4.3
Kedah,neonatal,2018-01-01,both,151,4.2
Kelantan,neonatal,2018-01-01,both,195,5.1
Melaka,neonatal,2018-01-01,both,71,4.9
Negeri Sembilan,neonatal,2018-01-01,both,111,6.1
Pahang,neonatal,2018-01-01,both,125,4.6
Perak,neonatal,2018-01-01,both,150,4.4
Perlis,neonatal,2018-01-01,both,28,6.4
Pulau Pinang,neonatal,2018-01-01,both,89,4.3
Sabah,neonatal,2018-01-01,both,335,6.3
Sarawak,neonatal,2018-01-01,both,139,3.8
Selangor,neonatal,2018-01-01,both,422,4.1
Terengganu,neonatal,2018-01-01,both,118,4.2
W.P. Kuala Lumpur,neonatal,2018-01-01,both,98,4.0
W.P. Labuan,neonatal,2018-01-01,both,12,7.1
W.P. Putrajaya,neonatal,2018-01-01,both,12,5.0
Johor,neonatal,2018-01-01,male,139,4.4
Kedah,neonatal,2018-01-01,male,88,4.8
Kelantan,neonatal,2018-01-01,male,120,6.0
Melaka,neonatal,2018-01-01,male,43,5.8
Negeri Sembilan,neonatal,2018-01-01,male,63,6.8
Pahang,neonatal,2018-01-01,male,68,4.9
Perak,neonatal,2018-01-01,male,73,4.2
Perlis,neonatal,2018-01-01,male,12,5.3
Pulau Pinang,neonatal,2018-01-01,male,47,4.4
Sabah,neonatal,2018-01-01,male,180,6.5
Sarawak,neonatal,2018-01-01,male,85,4.5
Selangor,neonatal,2018-01-01,male,239,4.5
Terengganu,neonatal,2018-01-01,male,66,4.5
W.P. Kuala Lumpur,neonatal,2018-01-01,male,56,4.5
W.P. Labuan,neonatal,2018-01-01,male,8,8.8
W.P. Putrajaya,neonatal,2018-01-01,male,8,6.4
Johor,neonatal,2018-01-01,female,126,4.3
Kedah,neonatal,2018-01-01,female,63,3.7
Kelantan,neonatal,2018-01-01,female,75,4.1
Melaka,neonatal,2018-01-01,female,28,4.0
Negeri Sembilan,neonatal,2018-01-01,female,48,5.4
Pahang,neonatal,2018-01-01,female,57,4.4
Perak,neonatal,2018-01-01,female,77,4.7
Perlis,neonatal,2018-01-01,female,16,7.5
Pulau Pinang,neonatal,2018-01-01,female,42,4.2
Sabah,neonatal,2018-01-01,female,155,6.1
Sarawak,neonatal,2018-01-01,female,54,3.0
Selangor,neonatal,2018-01-01,female,183,3.7
Terengganu,neonatal,2018-01-01,female,52,3.8
W.P. Kuala Lumpur,neonatal,2018-01-01,female,42,3.6
W.P. Labuan,neonatal,2018-01-01,female,4,5.1
W.P. Putrajaya,neonatal,2018-01-01,female,4,3.5
Johor,neonatal,2019-01-01,both,236,3.9269193650371057
Kedah,neonatal,2019-01-01,both,137,3.9809379903527637
Kelantan,neonatal,2019-01-01,both,182,4.953998584571833
Melaka,neonatal,2019-01-01,both,64,4.543518387050972
Negeri Sembilan,neonatal,2019-01-01,both,91,5.229283990345937
Pahang,neonatal,2019-01-01,both,118,4.577901924270639
Perak,neonatal,2019-01-01,both,147,4.469035965098957
Perlis,neonatal,2019-01-01,both,18,4.451038575667656
Pulau Pinang,neonatal,2019-01-01,both,79,3.9213739700188626
Sabah,neonatal,2019-01-01,both,205,3.890976730061117
Sarawak,neonatal,2019-01-01,both,118,3.23837751797574
Selangor,neonatal,2019-01-01,both,365,3.8335906565417863
Terengganu,neonatal,2019-01-01,both,129,4.776008885597927
W.P. Kuala Lumpur,neonatal,2019-01-01,both,76,2.8110667258470188
W.P. Labuan,neonatal,2019-01-01,both,7,4.2042042042042045
W.P. Putrajaya,neonatal,2019-01-01,both,8,3.4572169403630078
Johor,neonatal,2019-01-01,male,130,4.195172324770879
Kedah,neonatal,2019-01-01,male,80,4.496150171415725
Kelantan,neonatal,2019-01-01,male,110,5.773066022882334
Melaka,neonatal,2019-01-01,male,35,4.745762711864407
Negeri Sembilan,neonatal,2019-01-01,male,49,5.428761356082428
Pahang,neonatal,2019-01-01,male,64,4.845181315769551
Perak,neonatal,2019-01-01,male,81,4.762744752160875
Perlis,neonatal,2019-01-01,male,11,5.135387488328665
Pulau Pinang,neonatal,2019-01-01,male,48,4.5924225028702645
Sabah,neonatal,2019-01-01,male,112,4.085354732810505
Sarawak,neonatal,2019-01-01,male,58,3.066511578724754
Selangor,neonatal,2019-01-01,male,180,3.676170247528797
Terengganu,neonatal,2019-01-01,male,72,5.124190449078358
W.P. Kuala Lumpur,neonatal,2019-01-01,male,46,3.2800912721049627
W.P. Labuan,neonatal,2019-01-01,male,4,4.624277456647399
W.P. Putrajaya,neonatal,2019-01-01,male,5,4.1288191577208915
Johor,neonatal,2019-01-01,female,106,3.6413603572655444
Kedah,neonatal,2019-01-01,female,57,3.4293965465375127
Kelantan,neonatal,2019-01-01,female,72,4.07147704139335
Melaka,neonatal,2019-01-01,female,29,4.321263597079422
Negeri Sembilan,neonatal,2019-01-01,female,42,5.01432664756447
Pahang,neonatal,2019-01-01,female,54,4.296968250179041
Perak,neonatal,2019-01-01,female,66,4.154601535943598
Perlis,neonatal,2019-01-01,female,7,3.680336487907466
Pulau Pinang,neonatal,2019-01-01,female,31,3.197854342892511
Sabah,neonatal,2019-01-01,female,93,3.6801076332555103
Sarawak,neonatal,2019-01-01,female,60,3.423875827436658
Selangor,neonatal,2019-01-01,female,185,4.0002594762903545
Terengganu,neonatal,2019-01-01,female,57,4.398487537618643
W.P. Kuala Lumpur,neonatal,2019-01-01,female,30,2.305564094681832
W.P. Labuan,neonatal,2019-01-01,female,3,3.75
W.P. Putrajaya,neonatal,2019-01-01,female,3,2.7198549410698094
Johor,neonatal,2020-01-01,both,238,4.1886659626891944
Kedah,neonatal,2020-01-01,both,126,3.7289138798461083
Kelantan,neonatal,2020-01-01,both,145,4.003313086692435
Melaka,neonatal,2020-01-01,both,66,4.768441586590565
Negeri Sembilan,neonatal,2020-01-01,both,70,4.095004095004095
Pahang,neonatal,2020-01-01,both,88,3.4811503619605206
Perak,neonatal,2020-01-01,both,143,4.534931658897029
Perlis,neonatal,2020-01-01,both,27,6.588579795021962
Pulau Pinang,neonatal,2020-01-01,both,70,3.569607343192249
Sabah,neonatal,2020-01-01,both,273,5.547652916073969
Sarawak,neonatal,2020-01-01,both,120,3.3946251768033946
Selangor,neonatal,2020-01-01,both,279,2.9917325241000676
Terengganu,neonatal,2020-01-01,both,107,3.940487589305443
W.P. Kuala Lumpur,neonatal,2020-01-01,both,57,2.4689219041018755
W.P. Labuan,neonatal,2020-01-01,both,9,5.263157894736842
W.P. Putrajaya,neonatal,2020-01-01,both,9,4.201680672268908
Johor,neonatal,2020-01-01,male,129,4.397627326651667
Kedah,neonatal,2020-01-01,male,73,4.172620748785367
Kelantan,neonatal,2020-01-01,male,87,4.649671316337983
Melaka,neonatal,2020-01-01,male,40,5.60931145701865
Negeri Sembilan,neonatal,2020-01-01,male,40,4.512126339537508
Pahang,neonatal,2020-01-01,male,42,3.231514964991921
Perak,neonatal,2020-01-01,male,81,4.926108374384237
Perlis,neonatal,2020-01-01,male,17,8.079847908745247
Pulau Pinang,neonatal,2020-01-01,male,40,3.931976801336872
Sabah,neonatal,2020-01-01,male,144,5.59310184106269
Sarawak,neonatal,2020-01-01,male,77,4.18979214277941
Selangor,neonatal,2020-01-01,male,163,3.384621773707926
Terengganu,neonatal,2020-01-01,male,62,4.394669690955486
W.P. Kuala Lumpur,neonatal,2020-01-01,male,32,2.654940678669211
W.P. Labuan,neonatal,2020-01-01,male,4,4.7225501770956315
W.P. Putrajaya,neonatal,2020-01-01,male,3,2.7958993476234855
Johor,neonatal,2020-01-01,female,109,3.9656552426689955
Kedah,neonatal,2020-01-01,female,53,3.2525314513654497
Kelantan,neonatal,2020-01-01,female,58,3.3125821006339597
Melaka,neonatal,2020-01-01,female,26,3.874813710879285
Negeri Sembilan,neonatal,2020-01-01,female,30,3.6456434560699966
Pahang,neonatal,2020-01-01,female,46,3.745318352059925
Perak,neonatal,2020-01-01,female,62,4.108681245858184
Perlis,neonatal,2020-01-01,female,10,5.015045135406218
Pulau Pinang,neonatal,2020-01-01,female,30,3.1789763696089857
Sabah,neonatal,2020-01-01,female,129,5.497783839072622
Sarawak,neonatal,2020-01-01,female,43,2.5335847277869434
Selangor,neonatal,2020-01-01,female,116,2.5721761497183913
Terengganu,neonatal,2020-01-01,female,45,3.4493331289284073
W.P. Kuala Lumpur,neonatal,2020-01-01,female,25,2.2657241254304874
W.P. Labuan,neonatal,2020-01-01,female,5,5.793742757821553
W.P. Putrajaya,neonatal,2020-01-01,female,6,5.612722170252572
Johor,neonatal,2021-01-01,both,221,4.420884176835368
Kedah,neonatal,2021-01-01,both,146,4.418886198547216
Kelantan,neonatal,2021-01-01,both,181,5.2065354964906225
Melaka,neonatal,2021-01-01,both,62,4.6998180715585205
Negeri Sembilan,neonatal,2021-01-01,both,72,4.291589676342612
Pahang,neonatal,2021-01-01,both,109,4.447708817888766
Perak,neonatal,2021-01-01,both,130,4.21858774662513
Perlis,neonatal,2021-01-01,both,21,5.152109911678116
Pulau Pinang,neonatal,2021-01-01,both,66,3.5539281675730976
Sabah,neonatal,2021-01-01,both,232,5.575850797923477
Sarawak,neonatal,2021-01-01,both,97,3.10161795740871
Selangor,neonatal,2021-01-01,both,264,2.9294924432410836
Terengganu,neonatal,2021-01-01,both,127,4.822113376618446
W.P. Kuala Lumpur,neonatal,2021-01-01,both,74,3.516107573885774
W.P. Labuan,neonatal,2021-01-01,both,8,5.256241787122208
W.P. Putrajaya,neonatal,2021-01-01,both,8,3.7986704653371324
Johor,neonatal,2021-01-01,male,125,4.862299673253462
Kedah,neonatal,2021-01-01,male,78,4.579614842649131
Kelantan,neonatal,2021-01-01,male,111,6.212222968435191
Melaka,neonatal,2021-01-01,male,31,4.550792718731651
Negeri Sembilan,neonatal,2021-01-01,male,41,4.700217814971913
Pahang,neonatal,2021-01-01,male,64,5.069708491761723
Perak,neonatal,2021-01-01,male,74,4.6960274146465295
Perlis,neonatal,2021-01-01,male,8,3.7243947858473
Pulau Pinang,neonatal,2021-01-01,male,35,3.680336487907466
Sabah,neonatal,2021-01-01,male,117,5.4307463795024145
Sarawak,neonatal,2021-01-01,male,55,3.424231104470178
Selangor,neonatal,2021-01-01,male,143,3.0661692182340583
Terengganu,neonatal,2021-01-01,male,66,4.841549295774647
W.P. Kuala Lumpur,neonatal,2021-01-01,male,48,4.366812227074235
W.P. Labuan,neonatal,2021-01-01,male,7,9.271523178807948
W.P. Putrajaya,neonatal,2021-01-01,male,4,3.669724770642202
Johor,neonatal,2021-01-01,female,96,3.953545836422041
Kedah,neonatal,2021-01-01,female,68,4.2478760619690155
Kelantan,neonatal,2021-01-01,female,70,4.142992424242424
Melaka,neonatal,2021-01-01,female,31,4.858934169278997
Negeri Sembilan,neonatal,2021-01-01,female,31,3.8490191209336975
Pahang,neonatal,2021-01-01,female,45,3.7869224943196165
Perak,neonatal,2021-01-01,female,56,3.7189533802629833
Perlis,neonatal,2021-01-01,female,13,6.742738589211618
Pulau Pinang,neonatal,2021-01-01,female,31,3.421255932016334
Sabah,neonatal,2021-01-01,female,115,5.7316586921850075
Sarawak,neonatal,2021-01-01,female,42,2.7609781751249014
Selangor,neonatal,2021-01-01,female,121,2.782888684452622
Terengganu,neonatal,2021-01-01,female,61,4.801259346713892
W.P. Kuala Lumpur,neonatal,2021-01-01,female,26,2.58603540879252
W.P. Labuan,neonatal,2021-01-01,female,1,1.303780964797914
W.P. Putrajaya,neonatal,2021-01-01,female,4,3.937007874015748
Johor,neonatal,2022-01-01,both,202,4.2
Kedah,neonatal,2022-01-01,both,114,3.7
Kelantan,neonatal,2022-01-01,both,168,5.0
Melaka,neonatal,2022-01-01,both,64,4.9
Negeri Sembilan,neonatal,2022-01-01,both,63,3.9
Pahang,neonatal,2022-01-01,both,94,4.0
Perak,neonatal,2022-01-01,both,139,4.7
Perlis,neonatal,2022-01-01,both,24,6.4
Pulau Pinang,neonatal,2022-01-01,both,63,3.6
Sabah,neonatal,2022-01-01,both,227,5.2
Sarawak,neonatal,2022-01-01,both,131,4.2
Selangor,neonatal,2022-01-01,both,286,3.4
Terengganu,neonatal,2022-01-01,both,126,5.0
W.P. Kuala Lumpur,neonatal,2022-01-01,both,70,3.5
W.P. Labuan,neonatal,2022-01-01,both,10,7.3
W.P. Putrajaya,neonatal,2022-01-01,both,8,4.4
Johor,neonatal,2022-01-01,male,114,4.6
Kedah,neonatal,2022-01-01,male,54,3.4
Kelantan,neonatal,2022-01-01,male,98,5.6
Melaka,neonatal,2022-01-01,male,44,6.5
Negeri Sembilan,neonatal,2022-01-01,male,31,3.7
Pahang,neonatal,2022-01-01,male,50,4.1
Perak,neonatal,2022-01-01,male,77,5.1
Perlis,neonatal,2022-01-01,male,14,7.1
Pulau Pinang,neonatal,2022-01-01,male,36,4.0
Sabah,neonatal,2022-01-01,male,137,6.1
Sarawak,neonatal,2022-01-01,male,77,4.8
Selangor,neonatal,2022-01-01,male,170,3.9
Terengganu,neonatal,2022-01-01,male,73,5.6
W.P. Kuala Lumpur,neonatal,2022-01-01,male,42,4.1
W.P. Labuan,neonatal,2022-01-01,male,5,7.1
W.P. Putrajaya,neonatal,2022-01-01,male,2,2.1
Johor,neonatal,2022-01-01,female,88,3.7
Kedah,neonatal,2022-01-01,female,60,4.0
Kelantan,neonatal,2022-01-01,female,70,4.3
Melaka,neonatal,2022-01-01,female,20,3.1
Negeri Sembilan,neonatal,2022-01-01,female,32,4.2
Pahang,neonatal,2022-01-01,female,44,3.9
Perak,neonatal,2022-01-01,female,62,4.3
Perlis,neonatal,2022-01-01,female,10,5.6
Pulau Pinang,neonatal,2022-01-01,female,27,3.1
Sabah,neonatal,2022-01-01,female,90,4.3
Sarawak,neonatal,2022-01-01,female,54,3.6
Selangor,neonatal,2022-01-01,female,116,2.9
Terengganu,neonatal,2022-01-01,female,53,4.3
W.P. Kuala Lumpur,neonatal,2022-01-01,female,28,2.9
W.P. Labuan,neonatal,2022-01-01,female,5,7.5
W.P. Putrajaya,neonatal,2022-01-01,female,6,6.8
